kab_asal,kab_tujuan,jarak_meter,jarak_km,waktu_detik,waktu_menit
Kabupaten Bangkalan,Kabupaten Banyuwangi,334580.2,334.58,15130.9,252.2
Kabupaten Bangkalan,Kabupaten Blitar,198458.9,198.46,9029.0,150.5
Kabupaten Bangkalan,Kabupaten Bojonegoro,141719.8,141.72,6363.1,106.1
Kabupaten Bangkalan,Kabupaten Bondowoso,228278.4,228.28,10755.7,179.3
Kabupaten Bangkalan,Kabupaten Gresik,54408.7,54.41,2548.6,42.5
Kabupaten Bangkalan,Kabupaten Jember,230833.7,230.83,10464.1,174.4
Kabupaten Bangkalan,Kabupaten Jombang,114202.1,114.2,5176.9,86.3
Kabupaten Bangkalan,Kabupaten Kediri,148461.5,148.46,7014.8,116.9
Kabupaten Bangkalan,Kabupaten Lamongan,76940.4,76.94,3597.5,60.0
Kabupaten Bangkalan,Kabupaten Lumajang,177762.6,177.76,8180.7,136.3
Kabupaten Bangkalan,Kabupaten Madiun,207463.9,207.46,9721.1,162.0
Kabupaten Bangkalan,Kabupaten Magetan,224432.0,224.43,10661.8,177.7
Kabupaten Bangkalan,Kabupaten Malang,141513.8,141.51,6476.7,107.9
Kabupaten Bangkalan,Kabupaten Mojokerto,81746.7,81.75,4044.6,67.4
Kabupaten Bangkalan,Kabupaten Nganjuk,148445.1,148.45,6767.8,112.8
Kabupaten Bangkalan,Kabupaten Ngawi,212298.7,212.3,9981.4,166.4
Kabupaten Bangkalan,Kabupaten Pacitan,316765.1,316.77,13971.5,232.9
Kabupaten Bangkalan,Kabupaten Pamekasan,97720.6,97.72,4231.6,70.5
Kabupaten Bangkalan,Kabupaten Pasuruan,79937.2,79.94,3957.5,66.0
Kabupaten Bangkalan,Kabupaten Ponorogo,229852.3,229.85,10582.2,176.4
Kabupaten Bangkalan,Kabupaten Probolinggo,159650.6,159.65,7443.8,124.1
Kabupaten Bangkalan,Kabupaten Sampang,64307.8,64.31,2872.0,47.9
Kabupaten Bangkalan,Kabupaten Sidoarjo,57062.3,57.06,2852.5,47.5
Kabupaten Bangkalan,Kabupaten Situbondo,232204.6,232.2,10607.8,176.8
Kabupaten Bangkalan,Kabupaten Sumenep,152359.5,152.36,6558.4,109.3
Kabupaten Bangkalan,Kabupaten Trenggalek,215677.9,215.68,9571.4,159.5
Kabupaten Bangkalan,Kabupaten Tuban,131752.1,131.75,5938.0,99.0
Kabupaten Bangkalan,Kabupaten Tulungagung,183316.3,183.32,8160.8,136.0
Kabupaten Bangkalan,Kota Batu,133085.1,133.09,6391.5,106.5
Kabupaten Bangkalan,Kota Blitar,200428.1,200.43,9215.8,153.6
Kabupaten Bangkalan,Kota Kediri,152873.1,152.87,6722.3,112.0
Kabupaten Bangkalan,Kota Madiun,201096.1,201.1,9385.7,156.4
Kabupaten Bangkalan,Kota Malang,123607.4,123.61,5773.7,96.2
Kabupaten Bangkalan,Kota Mojokerto,87171.4,87.17,4038.3,67.3
Kabupaten Bangkalan,Kota Pasuruan,95854.5,95.85,4648.8,77.5
Kabupaten Bangkalan,Kota Probolinggo,132068.0,132.07,6241.5,104.0
Kabupaten Bangkalan,Kota Surabaya,34047.7,34.05,1652.5,27.5
Kabupaten Banyuwangi,Kabupaten Blitar,334364.1,334.36,14812.3,246.9
Kabupaten Banyuwangi,Kabupaten Bojonegoro,406778.9,406.78,18053.9,300.9
Kabupaten Banyuwangi,Kabupaten Bondowoso,98138.5,98.14,6106.8,101.8
Kabupaten Banyuwangi,Kabupaten Gresik,317983.6,317.98,14323.2,238.7
Kabupaten Banyuwangi,Kabupaten Jember,103756.7,103.76,4877.2,81.3
Kabupaten Banyuwangi,Kabupaten Jombang,327652.8,327.65,14581.1,243.0
Kabupaten Banyuwangi,Kabupaten Kediri,366823.6,366.82,16828.0,280.5
Kabupaten Banyuwangi,Kabupaten Lamongan,341999.5,342.0,15288.3,254.8
Kabupaten Banyuwangi,Kabupaten Lumajang,168083.2,168.08,7637.5,127.3
Kabupaten Banyuwangi,Kabupaten Madiun,425826.0,425.83,19534.3,325.6
Kabupaten Banyuwangi,Kabupaten Magetan,442794.0,442.79,20475.0,341.2
Kabupaten Banyuwangi,Kabupaten Malang,277805.2,277.81,12284.9,204.7
Kabupaten Banyuwangi,Kabupaten Mojokerto,284982.4,284.98,12973.4,216.2
Kabupaten Banyuwangi,Kabupaten Nganjuk,366807.2,366.81,16581.0,276.4
Kabupaten Banyuwangi,Kabupaten Ngawi,432298.7,432.3,20036.7,333.9
Kabupaten Banyuwangi,Kabupaten Pacitan,503663.3,503.66,22148.8,369.1
Kabupaten Banyuwangi,Kabupaten Pamekasan,416326.3,416.33,18542.3,309.0
Kabupaten Banyuwangi,Kabupaten Pasuruan,255632.7,255.63,11390.8,189.8
Kabupaten Banyuwangi,Kabupaten Ponorogo,452463.3,452.46,19883.1,331.4
Kabupaten Banyuwangi,Kabupaten Probolinggo,169456.1,169.46,8078.4,134.6
Kabupaten Banyuwangi,Kabupaten Sampang,382913.5,382.91,17182.7,286.4
Kabupaten Banyuwangi,Kabupaten Sidoarjo,278107.9,278.11,12376.3,206.3
Kabupaten Banyuwangi,Kabupaten Situbondo,95757.1,95.76,4745.4,79.1
Kabupaten Banyuwangi,Kabupaten Sumenep,468950.2,468.95,21088.5,351.5
Kabupaten Banyuwangi,Kabupaten Trenggalek,402576.1,402.58,17748.7,295.8
Kabupaten Banyuwangi,Kabupaten Tuban,396811.2,396.81,17628.8,293.8
Kabupaten Banyuwangi,Kabupaten Tulungagung,371979.9,371.98,16424.7,273.7
Kabupaten Banyuwangi,Kota Batu,300331.3,300.33,13828.3,230.5
Kabupaten Banyuwangi,Kota Blitar,336333.3,336.33,14999.1,250.0
Kabupaten Banyuwangi,Kota Kediri,371235.1,371.24,16535.5,275.6
Kabupaten Banyuwangi,Kota Madiun,419458.2,419.46,19198.9,320.0
Kabupaten Banyuwangi,Kota Malang,288170.4,288.17,13077.4,218.0
Kabupaten Banyuwangi,Kota Mojokerto,300981.4,300.98,13452.2,224.2
Kabupaten Banyuwangi,Kota Pasuruan,239627.7,239.63,10691.3,178.2
Kabupaten Banyuwangi,Kota Probolinggo,203219.7,203.22,9200.9,153.3
Kabupaten Banyuwangi,Kota Surabaya,302720.1,302.72,13603.1,226.7
Kabupaten Blitar,Kabupaten Bojonegoro,143579.5,143.58,8368.0,139.5
Kabupaten Blitar,Kabupaten Bondowoso,266573.1,266.57,11941.1,199.0
Kabupaten Blitar,Kabupaten Gresik,162535.0,162.53,7752.7,129.2
Kabupaten Blitar,Kabupaten Jember,233502.1,233.5,10183.7,169.7
Kabupaten Blitar,Kabupaten Jombang,89713.3,89.71,4733.5,78.9
Kabupaten Blitar,Kabupaten Kediri,63625.8,63.63,4002.3,66.7
Kabupaten Blitar,Kabupaten Lamongan,159677.9,159.68,8341.6,139.0
Kabupaten Blitar,Kabupaten Lumajang,168658.1,168.66,7387.7,123.1
Kabupaten Blitar,Kabupaten Madiun,152189.5,152.19,6827.4,113.8
Kabupaten Blitar,Kabupaten Magetan,151795.4,151.8,7777.2,129.6
Kabupaten Blitar,Kabupaten Malang,58862.7,58.86,2598.9,43.3
Kabupaten Blitar,Kabupaten Mojokerto,134206.1,134.21,6740.8,112.3
Kabupaten Blitar,Kabupaten Nganjuk,77031.5,77.03,4572.9,76.2
Kabupaten Blitar,Kabupaten Ngawi,140374.4,140.37,8097.4,135.0
Kabupaten Blitar,Kabupaten Pacitan,168627.2,168.63,7432.2,123.9
Kabupaten Blitar,Kabupaten Pamekasan,281038.5,281.04,12529.6,208.8
Kabupaten Blitar,Kabupaten Pasuruan,129889.2,129.89,5987.1,99.8
Kabupaten Blitar,Kabupaten Ponorogo,117427.1,117.43,5166.5,86.1
Kabupaten Blitar,Kabupaten Probolinggo,194113.8,194.11,8847.0,147.4
Kabupaten Blitar,Kabupaten Sampang,247625.7,247.63,11170.0,186.2
Kabupaten Blitar,Kabupaten Sidoarjo,144837.2,144.84,6340.8,105.7
Kabupaten Blitar,Kabupaten Situbondo,266667.8,266.67,12011.0,200.2
Kabupaten Blitar,Kabupaten Sumenep,333662.5,333.66,15075.8,251.3
Kabupaten Blitar,Kabupaten Trenggalek,67539.9,67.54,3032.1,50.5
Kabupaten Blitar,Kabupaten Tuban,172068.8,172.07,8868.0,147.8
Kabupaten Blitar,Kabupaten Tulungagung,36943.8,36.94,1708.1,28.5
Kabupaten Blitar,Kota Batu,95715.7,95.72,4706.3,78.4
Kabupaten Blitar,Kota Blitar,1969.3,1.97,186.8,3.1
Kabupaten Blitar,Kota Kediri,46359.1,46.36,2737.9,45.6
Kabupaten Blitar,Kota Madiun,148206.1,148.21,6581.8,109.7
Kabupaten Blitar,Kota Malang,78844.8,78.84,3541.6,59.0
Kabupaten Blitar,Kota Mojokerto,122331.8,122.33,6165.6,102.8
Kabupaten Blitar,Kota Pasuruan,130182.8,130.18,6063.0,101.0
Kabupaten Blitar,Kota Probolinggo,166531.2,166.53,7644.7,127.4
Kabupaten Blitar,Kota Surabaya,167432.3,167.43,7590.4,126.5
Kabupaten Bojonegoro,Kabupaten Bondowoso,306495.2,306.5,13783.1,229.7
Kabupaten Bojonegoro,Kabupaten Gresik,94094.0,94.09,4081.8,68.0
Kabupaten Bojonegoro,Kabupaten Jember,305098.4,305.1,13446.0,224.1
Kabupaten Bojonegoro,Kabupaten Jombang,88266.2,88.27,4693.3,78.2
Kabupaten Bojonegoro,Kabupaten Kediri,83006.2,83.01,4983.0,83.0
Kabupaten Bojonegoro,Kabupaten Lamongan,66439.7,66.44,2922.0,48.7
Kabupaten Bojonegoro,Kabupaten Lumajang,252027.4,252.03,11162.6,186.0
Kabupaten Bojonegoro,Kabupaten Madiun,106902.6,106.9,5817.8,97.0
Kabupaten Bojonegoro,Kabupaten Magetan,108102.4,108.1,5896.0,98.3
Kabupaten Bojonegoro,Kabupaten Malang,216631.1,216.63,9534.3,158.9
Kabupaten Bojonegoro,Kabupaten Mojokerto,130863.0,130.86,6000.1,100.0
Kabupaten Bojonegoro,Kabupaten Nganjuk,69066.0,69.07,3896.1,64.9
Kabupaten Bojonegoro,Kabupaten Ngawi,72148.3,72.15,3762.5,62.7
Kabupaten Bojonegoro,Kabupaten Pacitan,205452.7,205.45,10861.4,181.0
Kabupaten Bojonegoro,Kabupaten Pamekasan,222338.7,222.34,9835.4,163.9
Kabupaten Bojonegoro,Kabupaten Pasuruan,155054.5,155.05,7015.1,116.9
Kabupaten Bojonegoro,Kabupaten Ponorogo,129290.9,129.29,6678.9,111.3
Kabupaten Bojonegoro,Kabupaten Probolinggo,234768.0,234.77,10501.4,175.0
Kabupaten Bojonegoro,Kabupaten Sampang,188925.9,188.93,8475.8,141.3
Kabupaten Bojonegoro,Kabupaten Sidoarjo,132351.9,132.35,5887.3,98.1
Kabupaten Bojonegoro,Kabupaten Situbondo,310421.4,310.42,13635.2,227.3
Kabupaten Bojonegoro,Kabupaten Sumenep,274962.6,274.96,12381.6,206.4
Kabupaten Bojonegoro,Kabupaten Trenggalek,161070.3,161.07,8535.9,142.3
Kabupaten Bojonegoro,Kabupaten Tuban,47824.7,47.82,2637.6,44.0
Kabupaten Bojonegoro,Kabupaten Tulungagung,128708.7,128.71,7125.3,118.8
Kabupaten Bojonegoro,Kota Batu,165254.0,165.25,8969.5,149.5
Kabupaten Bojonegoro,Kota Blitar,142079.4,142.08,8257.0,137.6
Kabupaten Bojonegoro,Kota Kediri,99151.2,99.15,5758.3,96.0
Kabupaten Bojonegoro,Kota Madiun,100534.8,100.53,5482.4,91.4
Kabupaten Bojonegoro,Kota Malang,198724.7,198.72,8831.3,147.2
Kabupaten Bojonegoro,Kota Mojokerto,101260.6,101.26,5759.0,96.0
Kabupaten Bojonegoro,Kota Pasuruan,170971.8,170.97,7706.4,128.4
Kabupaten Bojonegoro,Kota Probolinggo,207185.3,207.19,9299.1,155.0
Kabupaten Bojonegoro,Kota Surabaya,111809.5,111.81,5045.9,84.1
Kabupaten Bondowoso,Kabupaten Gresik,211393.5,211.39,10077.4,168.0
Kabupaten Bondowoso,Kabupaten Jember,35409.2,35.41,2084.0,34.7
Kabupaten Bondowoso,Kabupaten Jombang,221157.0,221.16,10198.2,170.0
Kabupaten Bondowoso,Kabupaten Kediri,260327.8,260.33,12445.1,207.4
Kabupaten Bondowoso,Kabupaten Lamongan,235409.4,235.41,11042.5,184.0
Kabupaten Bondowoso,Kabupaten Lumajang,99735.7,99.74,4844.3,80.7
Kabupaten Bondowoso,Kabupaten Madiun,319330.2,319.33,15151.4,252.5
Kabupaten Bondowoso,Kabupaten Magetan,336298.3,336.3,16092.1,268.2
Kabupaten Bondowoso,Kabupaten Malang,209457.7,209.46,9491.7,158.2
Kabupaten Bondowoso,Kabupaten Mojokerto,178486.6,178.49,8590.5,143.2
Kabupaten Bondowoso,Kabupaten Nganjuk,260311.4,260.31,12198.1,203.3
Kabupaten Bondowoso,Kabupaten Ngawi,325803.0,325.8,15653.8,260.9
Kabupaten Bondowoso,Kabupaten Pacitan,435315.8,435.32,19355.6,322.6
Kabupaten Bondowoso,Kabupaten Pamekasan,305584.2,305.58,14178.2,236.3
Kabupaten Bondowoso,Kabupaten Pasuruan,146907.5,146.91,7003.9,116.7
Kabupaten Bondowoso,Kabupaten Ponorogo,341718.6,341.72,16012.5,266.9
Kabupaten Bondowoso,Kabupaten Probolinggo,70029.1,70.03,3539.1,59.0
Kabupaten Bondowoso,Kabupaten Sampang,272171.4,272.17,12818.6,213.6
Kabupaten Bondowoso,Kabupaten Sidoarjo,169382.8,169.38,7989.4,133.2
Kabupaten Bondowoso,Kabupaten Situbondo,34766.8,34.77,1971.7,32.9
Kabupaten Bondowoso,Kabupaten Sumenep,358208.1,358.21,16724.4,278.7
Kabupaten Bondowoso,Kabupaten Trenggalek,334228.6,334.23,14955.5,249.3
Kabupaten Bondowoso,Kabupaten Tuban,290221.0,290.22,13383.0,223.1
Kabupaten Bondowoso,Kabupaten Tulungagung,295182.6,295.18,13591.1,226.5
Kabupaten Bondowoso,Kota Batu,192069.8,192.07,9439.8,157.3
Kabupaten Bondowoso,Kota Blitar,267985.8,267.99,12205.9,203.4
Kabupaten Bondowoso,Kota Kediri,264739.4,264.74,12152.6,202.5
Kabupaten Bondowoso,Kota Madiun,312962.4,312.96,14816.0,246.9
Kabupaten Bondowoso,Kota Malang,182592.2,182.59,8822.0,147.0
Kabupaten Bondowoso,Kota Mojokerto,194485.7,194.49,9069.3,151.2
Kabupaten Bondowoso,Kota Pasuruan,131559.2,131.56,6300.3,105.0
Kabupaten Bondowoso,Kota Probolinggo,94155.8,94.16,4653.8,77.6
Kabupaten Bondowoso,Kota Surabaya,191978.0,191.98,9239.0,154.0
Kabupaten Gresik,Kabupaten Jember,215745.8,215.75,9674.4,161.2
Kabupaten Gresik,Kabupaten Jombang,79913.3,79.91,3658.6,61.0
Kabupaten Gresik,Kabupaten Kediri,114172.7,114.17,5496.5,91.6
Kabupaten Gresik,Kabupaten Lamongan,29643.1,29.64,1328.9,22.1
Kabupaten Gresik,Kabupaten Lumajang,162674.8,162.67,7391.0,123.2
Kabupaten Gresik,Kabupaten Madiun,173175.1,173.18,8202.8,136.7
Kabupaten Gresik,Kabupaten Magetan,190143.1,190.14,9143.5,152.4
Kabupaten Gresik,Kabupaten Malang,127278.5,127.28,5762.7,96.0
Kabupaten Gresik,Kabupaten Mojokerto,53463.1,53.46,2673.2,44.6
Kabupaten Gresik,Kabupaten Nganjuk,114156.3,114.16,5249.5,87.5
Kabupaten Gresik,Kabupaten Ngawi,165001.4,165.0,7712.8,128.5
Kabupaten Gresik,Kabupaten Pacitan,282476.3,282.48,12453.2,207.6
Kabupaten Gresik,Kabupaten Pamekasan,131738.6,131.74,5941.3,99.0
Kabupaten Gresik,Kabupaten Pasuruan,65701.9,65.7,3243.5,54.1
Kabupaten Gresik,Kabupaten Ponorogo,195563.4,195.56,9063.9,151.1
Kabupaten Gresik,Kabupaten Probolinggo,145415.4,145.42,6729.8,112.2
Kabupaten Gresik,Kabupaten Sampang,98325.8,98.33,4581.7,76.4
Kabupaten Gresik,Kabupaten Sidoarjo,42999.3,43.0,2115.7,35.3
Kabupaten Gresik,Kabupaten Situbondo,221068.8,221.07,9863.6,164.4
Kabupaten Gresik,Kabupaten Sumenep,184362.5,184.36,8487.5,141.5
Kabupaten Gresik,Kabupaten Trenggalek,181389.0,181.39,8053.1,134.2
Kabupaten Gresik,Kabupaten Tuban,84454.8,84.45,3669.4,61.2
Kabupaten Gresik,Kabupaten Tulungagung,149027.4,149.03,6642.5,110.7
Kabupaten Gresik,Kota Batu,118849.8,118.85,5677.5,94.6
Kabupaten Gresik,Kota Blitar,162418.8,162.42,7774.1,129.6
Kabupaten Gresik,Kota Kediri,118584.3,118.58,5204.0,86.7
Kabupaten Gresik,Kota Madiun,166807.3,166.81,7867.4,131.1
Kabupaten Gresik,Kota Malang,109372.1,109.37,5059.7,84.3
Kabupaten Gresik,Kota Mojokerto,52882.5,52.88,2520.0,42.0
Kabupaten Gresik,Kota Pasuruan,81619.2,81.62,3934.8,65.6
Kabupaten Gresik,Kota Probolinggo,117832.7,117.83,5527.5,92.1
Kabupaten Gresik,Kota Surabaya,21983.3,21.98,1184.5,19.7
Kabupaten Jember,Kabupaten Jombang,225365.1,225.37,9862.6,164.4
Kabupaten Jember,Kabupaten Kediri,264535.9,264.54,12109.5,201.8
Kabupaten Jember,Kabupaten Lamongan,239711.8,239.71,10569.8,176.2
Kabupaten Jember,Kabupaten Lumajang,65795.6,65.8,2919.0,48.6
Kabupaten Jember,Kabupaten Madiun,323538.3,323.54,14815.8,246.9
Kabupaten Jember,Kabupaten Magetan,340506.3,340.51,15756.5,262.6
Kabupaten Jember,Kabupaten Malang,175517.5,175.52,7566.4,126.1
Kabupaten Jember,Kabupaten Mojokerto,182694.7,182.69,8254.9,137.6
Kabupaten Jember,Kabupaten Nganjuk,264519.5,264.52,11862.5,197.7
Kabupaten Jember,Kabupaten Ngawi,330011.0,330.01,15318.2,255.3
Kabupaten Jember,Kabupaten Pacitan,401375.7,401.38,17430.3,290.5
Kabupaten Jember,Kabupaten Pamekasan,314038.6,314.04,13823.8,230.4
Kabupaten Jember,Kabupaten Pasuruan,153345.0,153.34,6672.3,111.2
Kabupaten Jember,Kabupaten Ponorogo,350175.6,350.18,15164.6,252.7
Kabupaten Jember,Kabupaten Probolinggo,115892.0,115.89,5197.4,86.6
Kabupaten Jember,Kabupaten Sampang,280625.8,280.63,12464.2,207.7
Kabupaten Jember,Kabupaten Sidoarjo,175820.3,175.82,7657.8,127.6
Kabupaten Jember,Kabupaten Situbondo,68278.8,68.28,3895.8,64.9
Kabupaten Jember,Kabupaten Sumenep,366662.6,366.66,16370.0,272.8
Kabupaten Jember,Kabupaten Trenggalek,300288.4,300.29,13030.2,217.2
Kabupaten Jember,Kabupaten Tuban,294523.5,294.52,12910.3,215.2
Kabupaten Jember,Kabupaten Tulungagung,269692.3,269.69,11706.2,195.1
Kabupaten Jember,Kota Batu,198043.6,198.04,9109.8,151.8
Kabupaten Jember,Kota Blitar,234045.7,234.05,10280.6,171.3
Kabupaten Jember,Kota Kediri,268947.5,268.95,11817.0,196.9
Kabupaten Jember,Kota Madiun,317170.5,317.17,14480.4,241.3
Kabupaten Jember,Kota Malang,185882.7,185.88,8358.9,139.3
Kabupaten Jember,Kota Mojokerto,198693.7,198.69,8733.7,145.6
Kabupaten Jember,Kota Pasuruan,137340.0,137.34,5972.8,99.5
Kabupaten Jember,Kota Probolinggo,100932.0,100.93,4482.4,74.7
Kabupaten Jember,Kota Surabaya,200432.4,200.43,8884.6,148.1
Kabupaten Jombang,Kabupaten Kediri,40251.9,40.25,2427.2,40.5
Kabupaten Jombang,Kabupaten Lamongan,74864.0,74.86,4116.3,68.6
Kabupaten Jombang,Kabupaten Lumajang,173369.2,173.37,7730.1,128.8
Kabupaten Jombang,Kabupaten Madiun,99254.3,99.25,5133.5,85.6
Kabupaten Jombang,Kabupaten Magetan,116222.3,116.22,6074.2,101.2
Kabupaten Jombang,Kabupaten Malang,135759.8,135.76,5968.3,99.5
Kabupaten Jombang,Kabupaten Mojokerto,44083.1,44.08,2187.3,36.5
Kabupaten Jombang,Kabupaten Nganjuk,40235.5,40.24,2180.2,36.3
Kabupaten Jombang,Kabupaten Ngawi,105727.0,105.73,5635.9,93.9
Kabupaten Jombang,Kabupaten Pacitan,208555.5,208.56,9383.9,156.4
Kabupaten Jombang,Kabupaten Pamekasan,192593.9,192.59,8484.4,141.4
Kabupaten Jombang,Kabupaten Pasuruan,75543.7,75.54,3506.9,58.4
Kabupaten Jombang,Kabupaten Ponorogo,121642.6,121.64,5994.6,99.9
Kabupaten Jombang,Kabupaten Probolinggo,155257.2,155.26,6993.2,116.6
Kabupaten Jombang,Kabupaten Sampang,159181.1,159.18,7124.8,118.7
Kabupaten Jombang,Kabupaten Sidoarjo,75285.7,75.29,3352.4,55.9
Kabupaten Jombang,Kabupaten Situbondo,227811.2,227.81,10157.2,169.3
Kabupaten Jombang,Kabupaten Sumenep,245217.8,245.22,11030.6,183.8
Kabupaten Jombang,Kabupaten Trenggalek,107468.3,107.47,4983.8,83.1
Kabupaten Jombang,Kabupaten Tuban,84248.8,84.25,4424.5,73.7
Kabupaten Jombang,Kabupaten Tulungagung,75106.7,75.11,3573.2,59.6
Kabupaten Jombang,Kota Batu,76359.7,76.36,4384.3,73.1
Kabupaten Jombang,Kota Blitar,88498.0,88.5,4704.8,78.4
Kabupaten Jombang,Kota Kediri,44663.5,44.66,2134.7,35.6
Kabupaten Jombang,Kota Madiun,92886.5,92.89,4798.1,80.0
Kabupaten Jombang,Kota Malang,117853.5,117.85,5265.3,87.8
Kabupaten Jombang,Kota Mojokerto,32208.8,32.21,1612.1,26.9
Kabupaten Jombang,Kota Pasuruan,91461.1,91.46,4198.2,70.0
Kabupaten Jombang,Kota Probolinggo,127674.6,127.67,5790.9,96.5
Kabupaten Jombang,Kota Surabaya,78987.7,78.99,3545.2,59.1
Kabupaten Kediri,Kabupaten Lamongan,111124.9,111.12,6033.5,100.6
Kabupaten Kediri,Kabupaten Lumajang,214939.2,214.94,9975.5,166.3
Kabupaten Kediri,Kabupaten Madiun,74228.2,74.23,4317.6,72.0
Kabupaten Kediri,Kabupaten Magetan,91196.2,91.2,5258.3,87.6
Kabupaten Kediri,Kabupaten Malang,123404.9,123.4,6617.4,110.3
Kabupaten Kediri,Kabupaten Mojokerto,85653.1,85.65,4432.7,73.9
Kabupaten Kediri,Kabupaten Nganjuk,16458.7,16.46,1253.7,20.9
Kabupaten Kediri,Kabupaten Ngawi,80700.9,80.7,4820.0,80.3
Kabupaten Kediri,Kabupaten Pacitan,182204.4,182.2,8632.5,143.9
Kabupaten Kediri,Kabupaten Pamekasan,228854.8,228.85,10401.6,173.4
Kabupaten Kediri,Kabupaten Pasuruan,117113.7,117.11,5752.3,95.9
Kabupaten Kediri,Kabupaten Ponorogo,96616.5,96.62,5178.7,86.3
Kabupaten Kediri,Kabupaten Probolinggo,196827.2,196.83,9238.6,154.0
Kabupaten Kediri,Kabupaten Sampang,195442.0,195.44,9042.0,150.7
Kabupaten Kediri,Kabupaten Sidoarjo,117108.4,117.11,5583.2,93.1
Kabupaten Kediri,Kabupaten Situbondo,269381.1,269.38,12402.6,206.7
Kabupaten Kediri,Kabupaten Sumenep,281478.7,281.48,12947.8,215.8
Kabupaten Kediri,Kabupaten Trenggalek,81117.2,81.12,4232.4,70.5
Kabupaten Kediri,Kabupaten Tuban,123515.8,123.52,6559.9,109.3
Kabupaten Kediri,Kabupaten Tulungagung,48755.6,48.76,2821.8,47.0
Kabupaten Kediri,Kota Batu,88883.8,88.88,5547.3,92.5
Kabupaten Kediri,Kota Blitar,62126.2,62.13,3953.5,65.9
Kabupaten Kediri,Kota Kediri,19198.0,19.2,1454.8,24.2
Kabupaten Kediri,Kota Madiun,67860.3,67.86,3982.2,66.4
Kabupaten Kediri,Kota Malang,108634.9,108.63,6764.0,112.7
Kabupaten Kediri,Kota Mojokerto,73778.8,73.78,3857.5,64.3
Kabupaten Kediri,Kota Pasuruan,133031.0,133.03,6443.6,107.4
Kabupaten Kediri,Kota Probolinggo,169244.6,169.24,8036.3,133.9
Kabupaten Kediri,Kota Surabaya,115248.6,115.25,5462.4,91.0
Kabupaten Lamongan,Kabupaten Lumajang,187253.9,187.25,8404.1,140.1
Kabupaten Lamongan,Kabupaten Madiun,171711.2,171.71,8601.1,143.4
Kabupaten Lamongan,Kabupaten Magetan,172911.0,172.91,8679.3,144.7
Kabupaten Lamongan,Kabupaten Malang,151857.6,151.86,6775.8,112.9
Kabupaten Lamongan,Kabupaten Mojokerto,66089.5,66.09,3241.6,54.0
Kabupaten Lamongan,Kabupaten Nganjuk,109655.4,109.66,5748.8,95.8
Kabupaten Lamongan,Kabupaten Ngawi,136957.0,136.96,6545.8,109.1
Kabupaten Lamongan,Kabupaten Pacitan,277975.4,277.98,12952.5,215.9
Kabupaten Lamongan,Kabupaten Pamekasan,157565.2,157.57,7076.9,117.9
Kabupaten Lamongan,Kabupaten Pasuruan,90281.0,90.28,4256.6,70.9
Kabupaten Lamongan,Kabupaten Ponorogo,194099.6,194.1,9462.2,157.7
Kabupaten Lamongan,Kabupaten Probolinggo,169994.5,169.99,7742.9,129.0
Kabupaten Lamongan,Kabupaten Sampang,124152.4,124.15,5717.3,95.3
Kabupaten Lamongan,Kabupaten Sidoarjo,67578.4,67.58,3128.8,52.1
Kabupaten Lamongan,Kabupaten Situbondo,245647.9,245.65,10876.7,181.3
Kabupaten Lamongan,Kabupaten Sumenep,210189.2,210.19,9623.1,160.4
Kabupaten Lamongan,Kabupaten Trenggalek,176888.2,176.89,8552.4,142.5
Kabupaten Lamongan,Kabupaten Tuban,56410.3,56.41,2502.4,41.7
Kabupaten Lamongan,Kabupaten Tulungagung,144526.6,144.53,7141.8,119.0
Kabupaten Lamongan,Kota Batu,143429.0,143.43,6690.6,111.5
Kabupaten Lamongan,Kota Blitar,157917.9,157.92,8273.4,137.9
Kabupaten Lamongan,Kota Kediri,114083.4,114.08,5703.3,95.1
Kabupaten Lamongan,Kota Madiun,165343.4,165.34,8265.7,137.8
Kabupaten Lamongan,Kota Malang,133951.3,133.95,6072.8,101.2
Kabupaten Lamongan,Kota Mojokerto,50746.8,50.75,3053.2,50.9
Kabupaten Lamongan,Kota Pasuruan,106198.4,106.2,4947.9,82.5
Kabupaten Lamongan,Kota Probolinggo,142411.9,142.41,6540.6,109.0
Kabupaten Lamongan,Kota Surabaya,47036.1,47.04,2287.4,38.1
Kabupaten Lumajang,Kabupaten Madiun,271997.7,272.0,12634.9,210.6
Kabupaten Lumajang,Kabupaten Magetan,288965.7,288.97,13575.6,226.3
Kabupaten Lumajang,Kabupaten Malang,109461.6,109.46,4749.7,79.2
Kabupaten Lumajang,Kabupaten Mojokerto,131154.1,131.15,6074.0,101.2
Kabupaten Lumajang,Kabupaten Nganjuk,212978.9,212.98,9681.6,161.4
Kabupaten Lumajang,Kabupaten Ngawi,278470.4,278.47,13137.3,219.0
Kabupaten Lumajang,Kabupaten Pacitan,335319.8,335.32,14613.6,243.6
Kabupaten Lumajang,Kabupaten Pamekasan,262498.1,262.5,11642.9,194.0
Kabupaten Lumajang,Kabupaten Pasuruan,101804.4,101.8,4491.4,74.9
Kabupaten Lumajang,Kabupaten Ponorogo,284119.7,284.12,12347.9,205.8
Kabupaten Lumajang,Kabupaten Probolinggo,64351.4,64.35,3016.5,50.3
Kabupaten Lumajang,Kabupaten Sampang,229085.3,229.09,10283.3,171.4
Kabupaten Lumajang,Kabupaten Sidoarjo,124279.7,124.28,5476.9,91.3
Kabupaten Lumajang,Kabupaten Situbondo,136129.6,136.13,6072.9,101.2
Kabupaten Lumajang,Kabupaten Sumenep,315122.0,315.12,14189.1,236.5
Kabupaten Lumajang,Kabupaten Trenggalek,234232.6,234.23,10213.5,170.2
Kabupaten Lumajang,Kabupaten Tuban,242982.9,242.98,10729.4,178.8
Kabupaten Lumajang,Kabupaten Tulungagung,203636.4,203.64,8889.5,148.2
Kabupaten Lumajang,Kota Batu,139737.1,139.74,6801.6,113.4
Kabupaten Lumajang,Kota Blitar,167989.8,167.99,7463.9,124.4
Kabupaten Lumajang,Kota Kediri,217406.9,217.41,9636.1,160.6
Kabupaten Lumajang,Kota Madiun,265629.9,265.63,12299.5,205.0
Kabupaten Lumajang,Kota Malang,119826.9,119.83,5542.2,92.4
Kabupaten Lumajang,Kota Mojokerto,147153.1,147.15,6552.8,109.2
Kabupaten Lumajang,Kota Pasuruan,85799.5,85.8,3791.9,63.2
Kabupaten Lumajang,Kota Probolinggo,49391.4,49.39,2301.5,38.4
Kabupaten Lumajang,Kota Surabaya,148891.8,148.89,6703.7,111.7
Kabupaten Madiun,Kabupaten Magetan,33878.8,33.88,2051.5,34.2
Kabupaten Madiun,Kabupaten Malang,211585.1,211.59,9322.5,155.4
Kabupaten Madiun,Kabupaten Mojokerto,146892.4,146.89,6770.5,112.8
Kabupaten Madiun,Kabupaten Nganjuk,57828.8,57.83,3076.7,51.3
Kabupaten Madiun,Kabupaten Ngawi,40240.5,40.24,2545.7,42.4
Kabupaten Madiun,Kabupaten Pacitan,111233.3,111.23,5864.6,97.7
Kabupaten Madiun,Kabupaten Pamekasan,285733.4,285.73,12370.5,206.2
Kabupaten Madiun,Kabupaten Pasuruan,178353.0,178.35,8090.1,134.8
Kabupaten Madiun,Kabupaten Ponorogo,35071.5,35.07,1682.1,28.0
Kabupaten Madiun,Kabupaten Probolinggo,258066.5,258.07,11576.4,192.9
Kabupaten Madiun,Kabupaten Sampang,252320.6,252.32,11010.9,183.5
Kabupaten Madiun,Kabupaten Sidoarjo,173987.0,173.99,7552.1,125.9
Kabupaten Madiun,Kabupaten Situbondo,330620.4,330.62,14740.4,245.7
Kabupaten Madiun,Kabupaten Sumenep,338357.3,338.36,14916.7,248.6
Kabupaten Madiun,Kabupaten Trenggalek,84841.5,84.84,3832.6,63.9
Kabupaten Madiun,Kabupaten Tuban,154496.6,154.5,8428.9,140.5
Kabupaten Madiun,Kabupaten Tulungagung,116597.5,116.6,5256.1,87.6
Kabupaten Madiun,Kota Batu,171130.6,171.13,8867.3,147.8
Kabupaten Madiun,Kota Blitar,151022.7,151.02,6820.4,113.7
Kabupaten Madiun,Kota Kediri,97915.0,97.92,4991.7,83.2
Kabupaten Madiun,Kota Madiun,8863.8,8.86,552.9,9.2
Kabupaten Madiun,Kota Malang,220662.8,220.66,9848.5,164.1
Kabupaten Madiun,Kota Mojokerto,130133.9,130.13,5943.1,99.1
Kabupaten Madiun,Kota Pasuruan,194270.3,194.27,8781.4,146.4
Kabupaten Madiun,Kota Probolinggo,230483.8,230.48,10374.1,172.9
Kabupaten Madiun,Kota Surabaya,172127.1,172.13,7431.3,123.9
Kabupaten Magetan,Kabupaten Malang,211156.1,211.16,10278.3,171.3
Kabupaten Magetan,Kabupaten Mojokerto,163939.5,163.94,7723.5,128.7
Kabupaten Magetan,Kabupaten Nganjuk,74875.9,74.88,4029.7,67.2
Kabupaten Magetan,Kabupaten Ngawi,35242.8,35.24,2450.0,40.8
Kabupaten Magetan,Kabupaten Pacitan,96132.5,96.13,5818.4,97.0
Kabupaten Magetan,Kabupaten Pamekasan,302780.5,302.78,13323.5,222.1
Kabupaten Magetan,Kabupaten Pasuruan,195400.1,195.4,9043.1,150.7
Kabupaten Magetan,Kabupaten Ponorogo,34642.4,34.64,2637.9,44.0
Kabupaten Magetan,Kabupaten Probolinggo,275113.5,275.11,12529.4,208.8
Kabupaten Magetan,Kabupaten Sampang,269367.7,269.37,11963.9,199.4
Kabupaten Magetan,Kabupaten Sidoarjo,191034.1,191.03,8505.1,141.8
Kabupaten Magetan,Kabupaten Situbondo,347667.5,347.67,15693.4,261.6
Kabupaten Magetan,Kabupaten Sumenep,355404.4,355.4,15869.7,264.5
Kabupaten Magetan,Kabupaten Trenggalek,84412.5,84.41,4788.4,79.8
Kabupaten Magetan,Kabupaten Tuban,155800.3,155.8,8523.6,142.1
Kabupaten Magetan,Kabupaten Tulungagung,116168.4,116.17,6211.9,103.5
Kabupaten Magetan,Kota Batu,188177.7,188.18,9820.3,163.7
Kabupaten Magetan,Kota Blitar,150593.7,150.59,7776.2,129.6
Kabupaten Magetan,Kota Kediri,114962.1,114.96,5944.7,99.1
Kabupaten Magetan,Kota Madiun,25173.8,25.17,1467.6,24.5
Kabupaten Magetan,Kota Malang,237709.9,237.71,10801.5,180.0
Kabupaten Magetan,Kota Mojokerto,147180.9,147.18,6896.1,114.9
Kabupaten Magetan,Kota Pasuruan,211317.4,211.32,9734.4,162.2
Kabupaten Magetan,Kota Probolinggo,247530.9,247.53,11327.1,188.8
Kabupaten Magetan,Kota Surabaya,189174.2,189.17,8384.3,139.7
Kabupaten Malang,Kabupaten Mojokerto,90552.0,90.55,4225.1,70.4
Kabupaten Malang,Kabupaten Nganjuk,134434.4,134.43,7096.0,118.3
Kabupaten Malang,Kabupaten Ngawi,197777.3,197.78,10620.5,177.0
Kabupaten Malang,Kabupaten Pacitan,226244.4,226.24,9888.8,164.8
Kabupaten Malang,Kabupaten Pamekasan,222175.9,222.18,9930.7,165.5
Kabupaten Malang,Kabupaten Pasuruan,71026.5,71.03,3388.2,56.5
Kabupaten Malang,Kabupaten Ponorogo,175044.3,175.04,7623.1,127.1
Kabupaten Malang,Kabupaten Probolinggo,135251.1,135.25,6248.1,104.1
Kabupaten Malang,Kabupaten Sampang,188763.1,188.76,8571.1,142.9
Kabupaten Malang,Kabupaten Sidoarjo,85974.5,85.97,3741.9,62.4
Kabupaten Malang,Kabupaten Situbondo,207805.1,207.81,9412.1,156.9
Kabupaten Malang,Kabupaten Sumenep,274799.8,274.8,12476.9,207.9
Kabupaten Malang,Kabupaten Trenggalek,125157.2,125.16,5488.7,91.5
Kabupaten Malang,Kabupaten Tuban,205576.4,205.58,9049.5,150.8
Kabupaten Malang,Kabupaten Tulungagung,94561.0,94.56,4164.7,69.4
Kabupaten Malang,Kota Batu,36853.0,36.85,2107.4,35.1
Kabupaten Malang,Kota Blitar,58914.4,58.91,2739.1,45.7
Kabupaten Malang,Kota Kediri,103762.0,103.76,5261.0,87.7
Kabupaten Malang,Kota Madiun,205823.3,205.82,9038.4,150.6
Kabupaten Malang,Kota Malang,19982.1,19.98,942.7,15.7
Kabupaten Malang,Kota Mojokerto,106551.1,106.55,4703.9,78.4
Kabupaten Malang,Kota Pasuruan,71320.1,71.32,3464.1,57.7
Kabupaten Malang,Kota Probolinggo,107668.5,107.67,5045.8,84.1
Kabupaten Malang,Kota Surabaya,108569.6,108.57,4991.5,83.2
Kabupaten Mojokerto,Kabupaten Nganjuk,83388.3,83.39,4170.5,69.5
Kabupaten Mojokerto,Kabupaten Ngawi,148879.8,148.88,7626.2,127.1
Kabupaten Mojokerto,Kabupaten Pacitan,251708.3,251.71,11374.2,189.6
Kabupaten Mojokerto,Kabupaten Pamekasan,161039.7,161.04,7406.8,123.4
Kabupaten Mojokerto,Kabupaten Pasuruan,33154.1,33.15,1881.9,31.4
Kabupaten Mojokerto,Kabupaten Ponorogo,164795.4,164.8,7984.9,133.1
Kabupaten Mojokerto,Kabupaten Probolinggo,112867.6,112.87,5368.2,89.5
Kabupaten Mojokerto,Kabupaten Sampang,127626.9,127.63,6047.2,100.8
Kabupaten Mojokerto,Kabupaten Sidoarjo,32896.2,32.9,1727.4,28.8
Kabupaten Mojokerto,Kabupaten Situbondo,185421.6,185.42,8532.2,142.2
Kabupaten Mojokerto,Kabupaten Sumenep,213663.7,213.66,9953.0,165.9
Kabupaten Mojokerto,Kabupaten Trenggalek,150621.1,150.62,6974.1,116.2
Kabupaten Mojokerto,Kabupaten Tuban,120609.2,120.61,5555.9,92.6
Kabupaten Mojokerto,Kabupaten Tulungagung,118259.5,118.26,5563.5,92.7
Kabupaten Mojokerto,Kota Batu,47050.0,47.05,2816.9,46.9
Kabupaten Mojokerto,Kota Blitar,131650.8,131.65,6695.1,111.6
Kabupaten Mojokerto,Kota Kediri,87816.3,87.82,4125.0,68.8
Kabupaten Mojokerto,Kota Madiun,136039.3,136.04,6788.4,113.1
Kabupaten Mojokerto,Kota Malang,75463.9,75.46,3640.3,60.7
Kabupaten Mojokerto,Kota Mojokerto,17562.5,17.56,1041.7,17.4
Kabupaten Mojokerto,Kota Pasuruan,49071.5,49.07,2573.2,42.9
Kabupaten Mojokerto,Kota Probolinggo,85285.0,85.28,4165.9,69.4
Kabupaten Mojokerto,Kota Surabaya,47433.5,47.43,2467.6,41.1
Kabupaten Nganjuk,Kabupaten Ngawi,64323.4,64.32,3577.8,59.6
Kabupaten Nganjuk,Kabupaten Pacitan,156400.8,156.4,8119.0,135.3
Kabupaten Nganjuk,Kabupaten Pamekasan,229106.4,229.11,9950.0,165.8
Kabupaten Nganjuk,Kabupaten Pasuruan,116223.3,116.22,5510.0,91.8
Kabupaten Nganjuk,Kabupaten Ponorogo,80239.0,80.24,3936.5,65.6
Kabupaten Nganjuk,Kabupaten Probolinggo,195936.7,195.94,8996.3,149.9
Kabupaten Nganjuk,Kabupaten Sampang,195693.6,195.69,8590.4,143.2
Kabupaten Nganjuk,Kabupaten Sidoarjo,117360.0,117.36,5131.6,85.5
Kabupaten Nganjuk,Kabupaten Situbondo,268490.7,268.49,12160.3,202.7
Kabupaten Nganjuk,Kabupaten Sumenep,281730.3,281.73,12496.2,208.3
Kabupaten Nganjuk,Kabupaten Trenggalek,94462.1,94.46,4803.1,80.1
Kabupaten Nganjuk,Kabupaten Tuban,123475.8,123.48,6142.5,102.4
Kabupaten Nganjuk,Kabupaten Tulungagung,62100.5,62.1,3392.5,56.5
Kabupaten Nganjuk,Kota Batu,107414.4,107.41,6197.3,103.3
Kabupaten Nganjuk,Kota Blitar,75471.2,75.47,4524.2,75.4
Kabupaten Nganjuk,Kota Kediri,32543.0,32.54,2025.5,33.8
Kabupaten Nganjuk,Kota Madiun,51482.8,51.48,2740.0,45.7
Kabupaten Nganjuk,Kota Malang,158533.1,158.53,7268.4,121.1
Kabupaten Nganjuk,Kota Mojokerto,73506.9,73.51,3522.6,58.7
Kabupaten Nganjuk,Kota Pasuruan,132140.6,132.14,6201.3,103.4
Kabupaten Nganjuk,Kota Probolinggo,168354.1,168.35,7794.0,129.9
Kabupaten Nganjuk,Kota Surabaya,115500.1,115.5,5010.8,83.5
Kabupaten Ngawi,Kabupaten Pacitan,145571.5,145.57,7603.3,126.7
Kabupaten Ngawi,Kabupaten Pamekasan,297143.5,297.14,12897.7,215.0
Kabupaten Ngawi,Kabupaten Pasuruan,189763.1,189.76,8617.3,143.6
Kabupaten Ngawi,Kabupaten Ponorogo,69409.7,69.41,3420.8,57.0
Kabupaten Ngawi,Kabupaten Probolinggo,269476.5,269.48,12103.6,201.7
Kabupaten Ngawi,Kabupaten Sampang,263730.7,263.73,11538.1,192.3
Kabupaten Ngawi,Kabupaten Sidoarjo,185397.1,185.4,8079.3,134.7
Kabupaten Ngawi,Kabupaten Situbondo,342030.5,342.03,15267.6,254.5
Kabupaten Ngawi,Kabupaten Sumenep,349767.4,349.77,15443.9,257.4
Kabupaten Ngawi,Kabupaten Trenggalek,119179.7,119.18,5571.3,92.9
Kabupaten Ngawi,Kabupaten Tuban,119702.8,119.7,6378.0,106.3
Kabupaten Ngawi,Kabupaten Tulungagung,138882.6,138.88,6885.9,114.8
Kabupaten Ngawi,Kota Batu,182540.7,182.54,9394.5,156.6
Kabupaten Ngawi,Kota Blitar,152253.3,152.25,8017.6,133.6
Kabupaten Ngawi,Kota Kediri,109325.1,109.33,5518.9,92.0
Kabupaten Ngawi,Kota Madiun,40653.5,40.65,2224.3,37.1
Kabupaten Ngawi,Kota Malang,232072.9,232.07,10375.7,172.9
Kabupaten Ngawi,Kota Mojokerto,141543.9,141.54,6470.3,107.8
Kabupaten Ngawi,Kota Pasuruan,205680.4,205.68,9308.6,155.1
Kabupaten Ngawi,Kota Probolinggo,241893.9,241.89,10901.3,181.7
Kabupaten Ngawi,Kota Surabaya,183537.2,183.54,7958.5,132.6
Kabupaten Pacitan,Kabupaten Pamekasan,395390.4,395.39,17264.9,287.7
Kabupaten Pacitan,Kabupaten Pasuruan,283649.3,283.65,12615.6,210.3
Kabupaten Pacitan,Kabupaten Ponorogo,76662.7,76.66,4222.0,70.4
Kabupaten Pacitan,Kabupaten Probolinggo,363362.8,363.36,16101.9,268.4
Kabupaten Pacitan,Kabupaten Sampang,361977.6,361.98,15905.3,265.1
Kabupaten Pacitan,Kabupaten Sidoarjo,283644.1,283.64,12446.5,207.4
Kabupaten Pacitan,Kabupaten Situbondo,435916.8,435.92,19265.9,321.1
Kabupaten Pacitan,Kabupaten Sumenep,448014.3,448.01,19811.1,330.2
Kabupaten Pacitan,Kabupaten Trenggalek,106146.9,106.15,4612.5,76.9
Kabupaten Pacitan,Kabupaten Tuban,290051.4,290.05,13423.2,223.7
Kabupaten Pacitan,Kabupaten Tulungagung,132755.6,132.76,5803.3,96.7
Kabupaten Pacitan,Kota Batu,264596.3,264.6,11977.1,199.6
Kabupaten Pacitan,Kota Blitar,167180.9,167.18,7367.6,122.8
Kabupaten Pacitan,Kota Kediri,164175.3,164.18,7310.6,121.8
Kabupaten Pacitan,Kota Madiun,107441.7,107.44,5637.3,94.0
Kabupaten Pacitan,Kota Malang,247725.4,247.73,10812.4,180.2
Kabupaten Pacitan,Kota Mojokerto,240314.4,240.31,10720.8,178.7
Kabupaten Pacitan,Kota Pasuruan,299566.7,299.57,13306.9,221.8
Kabupaten Pacitan,Kota Probolinggo,335780.2,335.78,14899.6,248.3
Kabupaten Pacitan,Kota Surabaya,281784.2,281.78,12325.7,205.4
Kabupaten Pamekasan,Kabupaten Pasuruan,160757.5,160.76,7471.8,124.5
Kabupaten Pamekasan,Kabupaten Ponorogo,310672.6,310.67,14096.5,234.9
Kabupaten Pamekasan,Kabupaten Probolinggo,240471.0,240.47,10958.1,182.6
Kabupaten Pamekasan,Kabupaten Sampang,36100.9,36.1,1749.3,29.2
Kabupaten Pamekasan,Kabupaten Sidoarjo,137882.7,137.88,6366.8,106.1
Kabupaten Pamekasan,Kabupaten Situbondo,313025.0,313.02,14122.1,235.4
Kabupaten Pamekasan,Kabupaten Sumenep,54836.5,54.84,2701.9,45.0
Kabupaten Pamekasan,Kabupaten Trenggalek,296498.2,296.5,13085.7,218.1
Kabupaten Pamekasan,Kabupaten Tuban,212572.4,212.57,9452.3,157.5
Kabupaten Pamekasan,Kabupaten Tulungagung,264136.6,264.14,11675.1,194.6
Kabupaten Pamekasan,Kota Batu,213905.4,213.91,9905.8,165.1
Kabupaten Pamekasan,Kota Blitar,281248.5,281.25,12730.1,212.2
Kabupaten Pamekasan,Kota Kediri,233693.5,233.69,10236.6,170.6
Kabupaten Pamekasan,Kota Madiun,281916.5,281.92,12900.0,215.0
Kabupaten Pamekasan,Kota Malang,204427.8,204.43,9288.0,154.8
Kabupaten Pamekasan,Kota Mojokerto,167991.7,167.99,7552.6,125.9
Kabupaten Pamekasan,Kota Pasuruan,176674.9,176.67,8163.1,136.1
Kabupaten Pamekasan,Kota Probolinggo,212888.4,212.89,9755.8,162.6
Kabupaten Pamekasan,Kota Surabaya,114868.0,114.87,5166.8,86.1
Kabupaten Pasuruan,Kabupaten Ponorogo,197621.3,197.62,9313.2,155.2
Kabupaten Pasuruan,Kabupaten Probolinggo,80840.8,80.84,3649.4,60.8
Kabupaten Pasuruan,Kabupaten Sampang,128074.1,128.07,6119.3,102.0
Kabupaten Pasuruan,Kabupaten Sidoarjo,25285.5,25.29,1290.1,21.5
Kabupaten Pasuruan,Kabupaten Situbondo,153394.7,153.39,6813.4,113.6
Kabupaten Pasuruan,Kabupaten Sumenep,214110.8,214.11,10025.1,167.1
Kabupaten Pasuruan,Kabupaten Trenggalek,183446.9,183.45,8302.4,138.4
Kabupaten Pasuruan,Kabupaten Tuban,146123.7,146.12,6683.7,111.4
Kabupaten Pasuruan,Kabupaten Tulungagung,151085.3,151.09,6891.8,114.9
Kabupaten Pasuruan,Kota Batu,61331.3,61.33,3201.2,53.4
Kabupaten Pasuruan,Kota Blitar,128674.4,128.67,6025.5,100.4
Kabupaten Pasuruan,Kota Kediri,120642.1,120.64,5453.3,90.9
Kabupaten Pasuruan,Kota Madiun,168865.1,168.87,8116.7,135.3
Kabupaten Pasuruan,Kota Malang,51853.7,51.85,2583.4,43.1
Kabupaten Pasuruan,Kota Mojokerto,50388.4,50.39,2370.0,39.5
Kabupaten Pasuruan,Kota Pasuruan,17044.6,17.04,854.4,14.2
Kabupaten Pasuruan,Kota Probolinggo,53258.2,53.26,2447.1,40.8
Kabupaten Pasuruan,Kota Surabaya,47880.7,47.88,2539.7,42.3
Kabupaten Ponorogo,Kabupaten Probolinggo,281201.7,281.2,12540.7,209.0
Kabupaten Ponorogo,Kabupaten Sampang,275455.8,275.46,11975.2,199.6
Kabupaten Ponorogo,Kabupaten Sidoarjo,197122.2,197.12,8516.4,141.9
Kabupaten Ponorogo,Kabupaten Situbondo,353755.6,353.76,15704.7,261.7
Kabupaten Ponorogo,Kabupaten Sumenep,361492.5,361.49,15881.0,264.7
Kabupaten Ponorogo,Kabupaten Trenggalek,50382.3,50.38,2226.9,37.1
Kabupaten Ponorogo,Kabupaten Tuban,177631.8,177.63,9393.2,156.6
Kabupaten Ponorogo,Kabupaten Tulungagung,82138.2,82.14,3650.4,60.8
Kabupaten Ponorogo,Kota Batu,213978.9,213.98,9824.2,163.7
Kabupaten Ponorogo,Kota Blitar,116563.5,116.56,5214.7,86.9
Kabupaten Ponorogo,Kota Kediri,113557.9,113.56,5157.7,86.0
Kabupaten Ponorogo,Kota Madiun,30299.7,30.3,1457.6,24.3
Kabupaten Ponorogo,Kota Malang,197108.0,197.11,8659.5,144.3
Kabupaten Ponorogo,Kota Mojokerto,153269.1,153.27,6907.4,115.1
Kabupaten Ponorogo,Kota Pasuruan,217405.5,217.41,9745.7,162.4
Kabupaten Ponorogo,Kota Probolinggo,253619.1,253.62,11338.4,189.0
Kabupaten Ponorogo,Kota Surabaya,195262.3,195.26,8395.6,139.9
Kabupaten Probolinggo,Kabupaten Sampang,203412.7,203.41,9519.6,158.7
Kabupaten Probolinggo,Kabupaten Sidoarjo,100624.1,100.62,4690.4,78.2
Kabupaten Probolinggo,Kabupaten Situbondo,73802.2,73.8,3363.9,56.1
Kabupaten Probolinggo,Kabupaten Sumenep,289449.4,289.45,13425.4,223.8
Kabupaten Probolinggo,Kabupaten Trenggalek,258785.5,258.79,11702.7,195.0
Kabupaten Probolinggo,Kabupaten Tuban,221462.3,221.46,10084.0,168.1
Kabupaten Probolinggo,Kabupaten Tulungagung,226423.9,226.42,10292.1,171.5
Kabupaten Probolinggo,Kota Batu,123311.1,123.31,6140.8,102.3
Kabupaten Probolinggo,Kota Blitar,190654.2,190.65,8965.1,149.4
Kabupaten Probolinggo,Kota Kediri,195980.7,195.98,8853.6,147.6
Kabupaten Probolinggo,Kota Madiun,244203.7,244.2,11517.0,191.9
Kabupaten Probolinggo,Kota Malang,113833.5,113.83,5523.0,92.0
Kabupaten Probolinggo,Kota Mojokerto,125727.0,125.73,5770.3,96.2
Kabupaten Probolinggo,Kota Pasuruan,62800.5,62.8,3001.3,50.0
Kabupaten Probolinggo,Kota Probolinggo,25397.1,25.4,1354.8,22.6
Kabupaten Probolinggo,Kota Surabaya,123219.3,123.22,5940.0,99.0
Kabupaten Sampang,Kabupaten Sidoarjo,103699.3,103.7,4909.8,81.8
Kabupaten Sampang,Kabupaten Situbondo,278841.6,278.84,12665.1,211.1
Kabupaten Sampang,Kabupaten Sumenep,87627.7,87.63,4185.7,69.8
Kabupaten Sampang,Kabupaten Trenggalek,262314.9,262.31,11628.7,193.8
Kabupaten Sampang,Kabupaten Tuban,178389.0,178.39,7995.3,133.3
Kabupaten Sampang,Kabupaten Tulungagung,229953.3,229.95,10218.1,170.3
Kabupaten Sampang,Kota Batu,179722.1,179.72,8448.8,140.8
Kabupaten Sampang,Kota Blitar,247065.1,247.07,11273.1,187.9
Kabupaten Sampang,Kota Kediri,199510.1,199.51,8779.6,146.3
Kabupaten Sampang,Kota Madiun,247733.1,247.73,11443.0,190.7
Kabupaten Sampang,Kota Malang,170244.4,170.24,7831.0,130.5
Kabupaten Sampang,Kota Mojokerto,133808.4,133.81,6095.6,101.6
Kabupaten Sampang,Kota Pasuruan,142491.5,142.49,6706.1,111.8
Kabupaten Sampang,Kota Probolinggo,178705.0,178.71,8298.8,138.3
Kabupaten Sampang,Kota Surabaya,80684.6,80.68,3709.8,61.8
Kabupaten Sidoarjo,Kabupaten Situbondo,176128.6,176.13,7853.8,130.9
Kabupaten Sidoarjo,Kabupaten Sumenep,188825.3,188.83,8735.0,145.6
Kabupaten Sidoarjo,Kabupaten Trenggalek,181608.1,181.61,8140.8,135.7
Kabupaten Sidoarjo,Kabupaten Tuban,119779.7,119.78,5434.8,90.6
Kabupaten Sidoarjo,Kabupaten Tulungagung,149246.5,149.25,6730.2,112.2
Kabupaten Sidoarjo,Kota Batu,77009.1,77.01,3637.5,60.6
Kabupaten Sidoarjo,Kota Blitar,144352.1,144.35,6461.8,107.7
Kabupaten Sidoarjo,Kota Kediri,118803.3,118.8,5291.7,88.2
Kabupaten Sidoarjo,Kota Madiun,167026.3,167.03,7955.1,132.6
Kabupaten Sidoarjo,Kota Malang,67531.4,67.53,3019.7,50.3
Kabupaten Sidoarjo,Kota Mojokerto,39882.9,39.88,2355.7,39.3
Kabupaten Sidoarjo,Kota Pasuruan,39778.5,39.78,1894.8,31.6
Kabupaten Sidoarjo,Kota Probolinggo,75992.0,75.99,3487.5,58.1
Kabupaten Sidoarjo,Kota Surabaya,22595.2,22.6,1249.6,20.8
Kabupaten Situbondo,Kabupaten Sumenep,362125.7,362.13,16562.2,276.0
Kabupaten Situbondo,Kabupaten Trenggalek,331461.8,331.46,14839.5,247.3
Kabupaten Situbondo,Kabupaten Tuban,294138.6,294.14,13220.8,220.3
Kabupaten Situbondo,Kabupaten Tulungagung,299100.2,299.1,13428.9,223.8
Kabupaten Situbondo,Kota Batu,195987.4,195.99,9277.6,154.6
Kabupaten Situbondo,Kota Blitar,263330.5,263.33,12101.9,201.7
Kabupaten Situbondo,Kota Kediri,268657.0,268.66,11990.4,199.8
Kabupaten Situbondo,Kota Madiun,316880.0,316.88,14653.8,244.2
Kabupaten Situbondo,Kota Malang,186509.7,186.51,8659.8,144.3
Kabupaten Situbondo,Kota Mojokerto,198403.3,198.4,8907.1,148.5
Kabupaten Situbondo,Kota Pasuruan,135476.8,135.48,6138.1,102.3
Kabupaten Situbondo,Kota Probolinggo,98073.3,98.07,4491.6,74.9
Kabupaten Situbondo,Kota Surabaya,195895.6,195.9,9076.8,151.3
Kabupaten Sumenep,Kabupaten Trenggalek,348834.6,348.83,15624.0,260.4
Kabupaten Sumenep,Kabupaten Tuban,264908.8,264.91,11990.6,199.8
Kabupaten Sumenep,Kabupaten Tulungagung,316473.0,316.47,14213.4,236.9
Kabupaten Sumenep,Kota Batu,266241.8,266.24,12444.1,207.4
Kabupaten Sumenep,Kota Blitar,333584.9,333.58,15268.4,254.5
Kabupaten Sumenep,Kota Kediri,286029.8,286.03,12774.9,212.9
Kabupaten Sumenep,Kota Madiun,334252.8,334.25,15438.3,257.3
Kabupaten Sumenep,Kota Malang,256764.2,256.76,11826.3,197.1
Kabupaten Sumenep,Kota Mojokerto,220328.1,220.33,10090.9,168.2
Kabupaten Sumenep,Kota Pasuruan,229011.2,229.01,10701.4,178.4
Kabupaten Sumenep,Kota Probolinggo,265224.8,265.22,12294.1,204.9
Kabupaten Sumenep,Kota Surabaya,167204.4,167.2,7705.1,128.4
Kabupaten Trenggalek,Kabupaten Tuban,189409.3,189.41,9096.1,151.6
Kabupaten Trenggalek,Kabupaten Tulungagung,32113.5,32.11,1476.2,24.6
Kabupaten Trenggalek,Kota Batu,163954.2,163.95,7650.0,127.5
Kabupaten Trenggalek,Kota Blitar,66538.8,66.54,3040.5,50.7
Kabupaten Trenggalek,Kota Kediri,63533.2,63.53,2983.5,49.7
Kabupaten Trenggalek,Kota Madiun,81049.8,81.05,3609.3,60.2
Kabupaten Trenggalek,Kota Malang,147083.3,147.08,6485.3,108.1
Kabupaten Trenggalek,Kota Mojokerto,139672.3,139.67,6393.7,106.6
Kabupaten Trenggalek,Kota Pasuruan,198924.6,198.92,8979.8,149.7
Kabupaten Trenggalek,Kota Probolinggo,235138.1,235.14,10572.5,176.2
Kabupaten Trenggalek,Kota Surabaya,181142.1,181.14,7998.6,133.3
Kabupaten Tuban,Kabupaten Tulungagung,158068.1,158.07,7827.7,130.5
Kabupaten Tuban,Kota Batu,162308.2,162.31,8801.1,146.7
Kabupaten Tuban,Kota Blitar,171459.4,171.46,8959.3,149.3
Kabupaten Tuban,Kota Kediri,127624.9,127.62,6389.2,106.5
Kabupaten Tuban,Kota Madiun,148555.4,148.56,8160.9,136.0
Kabupaten Tuban,Kota Malang,189169.5,189.17,8464.5,141.1
Kabupaten Tuban,Kota Mojokerto,107174.7,107.17,5529.3,92.2
Kabupaten Tuban,Kota Pasuruan,161416.6,161.42,7339.6,122.3
Kabupaten Tuban,Kota Probolinggo,197630.1,197.63,8932.3,148.9
Kabupaten Tuban,Kota Surabaya,102254.3,102.25,4679.1,78.0
Kabupaten Tulungagung,Kota Batu,113747.0,113.75,6267.7,104.5
Kabupaten Tulungagung,Kota Blitar,36438.7,36.44,1777.6,29.6
Kabupaten Tulungagung,Kota Kediri,31096.8,31.1,1583.3,26.4
Kabupaten Tulungagung,Kota Madiun,112903.0,112.9,5048.1,84.1
Kabupaten Tulungagung,Kota Malang,116983.2,116.98,5222.4,87.0
Kabupaten Tulungagung,Kota Mojokerto,107235.9,107.24,4993.5,83.2
Kabupaten Tulungagung,Kota Pasuruan,166488.2,166.49,7579.6,126.3
Kabupaten Tulungagung,Kota Probolinggo,202701.7,202.7,9172.3,152.9
Kabupaten Tulungagung,Kota Surabaya,148705.7,148.71,6598.4,110.0
Kota Batu,Kota Blitar,96419.0,96.42,4903.3,81.7
Kota Batu,Kota Kediri,83566.8,83.57,4832.6,80.5
Kota Batu,Kota Madiun,160103.1,160.1,8816.6,146.9
Kota Batu,Kota Malang,20572.3,20.57,1379.1,23.0
Kota Batu,Kota Mojokerto,97891.2,97.89,4583.1,76.4
Kota Batu,Kota Pasuruan,62660.2,62.66,3343.3,55.7
Kota Batu,Kota Probolinggo,99008.6,99.01,4925.0,82.1
Kota Batu,Kota Surabaya,99909.8,99.91,4870.7,81.2
Kota Blitar,Kota Kediri,45284.9,45.28,2685.1,44.8
Kota Blitar,Kota Madiun,147156.6,147.16,6548.8,109.1
Kota Blitar,Kota Malang,80814.1,80.81,3726.3,62.1
Kota Blitar,Kota Mojokerto,121257.6,121.26,6112.8,101.9
Kota Blitar,Kota Pasuruan,132152.0,132.15,6247.7,104.1
Kota Blitar,Kota Probolinggo,168500.5,168.5,7829.4,130.5
Kota Blitar,Kota Surabaya,162727.3,162.73,7717.7,128.6
Kota Kediri,Kota Madiun,82132.5,82.13,4641.2,77.4
Kota Kediri,Kota Malang,103216.5,103.22,6080.4,101.3
Kota Kediri,Kota Mojokerto,76628.4,76.63,3520.6,58.7
Kota Kediri,Kota Pasuruan,135880.7,135.88,6106.7,101.8
Kota Kediri,Kota Probolinggo,172094.2,172.09,7699.4,128.3
Kota Kediri,Kota Surabaya,118098.2,118.1,5125.5,85.4
Kota Madiun,Kota Malang,213461.0,213.46,9523.5,158.7
Kota Madiun,Kota Mojokerto,122932.1,122.93,5618.1,93.6
Kota Madiun,Kota Pasuruan,187068.5,187.07,8456.4,140.9
Kota Madiun,Kota Probolinggo,223282.1,223.28,10049.1,167.5
Kota Madiun,Kota Surabaya,164925.4,164.93,7106.3,118.4
Kota Malang,Kota Mojokerto,89138.5,89.14,4019.8,67.0
Kota Malang,Kota Pasuruan,53907.5,53.91,2780.0,46.3
Kota Malang,Kota Probolinggo,90255.9,90.26,4361.7,72.7
Kota Malang,Kota Surabaya,91157.1,91.16,4307.4,71.8
Kota Mojokerto,Kota Pasuruan,65203.6,65.2,3116.1,51.9
Kota Mojokerto,Kota Probolinggo,101417.1,101.42,4708.8,78.5
Kota Mojokerto,Kota Surabaya,50230.5,50.23,2475.7,41.3
Kota Pasuruan,Kota Probolinggo,37785.6,37.79,1735.0,28.9
Kota Pasuruan,Kota Surabaya,62170.5,62.17,3082.8,51.4
Kota Probolinggo,Kota Surabaya,99738.9,99.74,4772.2,79.5
